{
    "train_loss": [
        0.3756266414392285,
        0.26457846764384246,
        0.23408187253446114,
        0.1964102080318986,
        0.20633436421432147,
        0.21033458175455652,
        0.14751995491181932,
        0.13091277149392339,
        0.15341225934283034,
        0.13992525478143517,
        0.1538874862215868,
        0.120339700179856,
        0.1358658120763011,
        0.10616854582799644,
        0.1324614355931195,
        0.1059406737274513,
        0.11271922696926971,
        0.07882989920312311,
        0.05664665125901016,
        0.047354283373484886,
        0.04583650521320722,
        0.05775303682653097,
        0.05787635153931815,
        0.03898902604833427,
        0.03908628807971027,
        0.040300336200743914,
        0.054731379689012725,
        0.022931032765815717,
        0.01785660635327875,
        0.015082983603905432
    ],
    "train_acc": [
        83.06389530408006,
        88.99153194765204,
        90.68514241724404,
        92.45573518090839,
        92.14780600461894,
        91.3779830638953,
        94.22632794457274,
        95.1501154734411,
        93.6874518860662,
        94.91916859122402,
        93.9183987682833,
        95.30408006158584,
        94.99615088529639,
        95.53502694380292,
        95.07313317936874,
        95.61200923787528,
        95.3810623556582,
        97.61354888375674,
        97.92147806004618,
        97.99846035411855,
        98.84526558891454,
        97.61354888375674,
        97.76751347190147,
        98.92224788298691,
        98.30638953040801,
        98.38337182448036,
        98.07544264819091,
        99.30715935334872,
        99.30715935334872,
        99.46112394149345
    ],
    "val_loss": [
        0.2206732291314337,
        0.19098438736465242,
        0.181040458381176,
        0.17490503481692737,
        0.11458669602870941,
        0.11463999003171921,
        0.15037671393818325,
        0.14146257357464898,
        0.2938913669851091,
        0.13150575550066101,
        0.09876726464264923,
        0.22287924918863508,
        0.10549624264240265,
        0.2399835710724195,
        0.1194228549591369,
        0.15017197612259123,
        0.15016204863786697,
        0.10443554735845989,
        0.14565509588768086,
        0.12267908950646718,
        0.1156056289975014,
        0.15093117331465086,
        0.1433673683140013,
        0.10479576915450808,
        0.09303957824077871,
        0.0976704463116928,
        0.08450046031632358,
        0.08026336029999787,
        0.09846007940359414,
        0.13497930430134553
    ],
    "val_acc": [
        92.44604316546763,
        92.80575539568345,
        92.0863309352518,
        93.16546762589928,
        95.32374100719424,
        94.96402877697842,
        92.44604316546763,
        93.5251798561151,
        86.69064748201438,
        94.60431654676259,
        95.32374100719424,
        90.64748201438849,
        95.68345323741008,
        92.44604316546763,
        96.0431654676259,
        94.60431654676259,
        95.32374100719424,
        96.40287769784173,
        94.24460431654676,
        96.40287769784173,
        96.40287769784173,
        94.96402877697842,
        95.68345323741008,
        96.40287769784173,
        96.76258992805755,
        96.40287769784173,
        97.12230215827338,
        96.40287769784173,
        97.12230215827338,
        96.40287769784173
    ]
}